ICR,Race,TwoBlocks
14006305,Black,1
14007377,Black,1
14007690,Black,1
14007905,Black,1
14008128,Black,1
14009185,Black,1
14009233,Black,1
14009510,Black,1
14010324,Black,1
14011016,Black,1
14011089,Black,1
14011229,Black,1
14011364,Black,1
14011706,Black,1
14011844,Black,1
15000202,Black,1
15000246,Black,1
15000654,Black,1
15000972,Black,1
15002904,Black,1
15002931,Black,1
15002933,Black,1
15002988,Black,1
15003314,Black,1
15003460,Black,1
15003959,Black,1
15004731,Black,1
15004973,Black,1
15005372,Black,1
15005399,Black,1
15005489,Black,1
15005632,Black,1
15006411,Black,1
15007029,Black,1
15007187,Black,1
15007913,Black,1
15007938,Black,1
15008276,Black,1
15008524,Black,1
15008530,Black,1
15009379,Black,1
15009393,Black,1
15009559,Black,1
15009730,Black,1
15009949,Black,1
15010016,Black,1
15010239,Black,1
15011159,Black,1
15011630,Black,1
15011857,Black,1
15012051,Black,1
16000029,Black,1
16000046,Black,1
16000715,Black,1
16001311,Black,1
16001558,Black,1
16002420,Black,1
16002827,Black,1
16003228,Black,1
16003582,Black,1
16004320,Black,1
16004555,Black,1
16004559,Black,1
16004572,Black,1
16005359,Black,1
16005390,Black,1
14006276,White,1
14006287,White,1
14006374,White,1
14006418,White,1
14006699,White,1
14006775,White,1
14006776,White,1
14006821,White,1
14006841,White,1
14006882,White,1
14007736,White,1
14007744,White,1
14007780,White,1
14007834,White,1
14007853,White,1
14007860,White,1
14007861,White,1
14007864,White,1
14008305,White,1
14008382,White,1
14008535,White,1
14008571,White,1
14008594,White,1
14008597,White,1
14008641,White,1
14008843,White,1
14008958,White,1
14009150,White,1
14009162,White,1
14009168,White,1
14009252,White,1
14009324,White,1
14009336,White,1
14009461,White,1
14009509,White,1
14009531,White,1
14009796,White,1
14009869,White,1
14009871,White,1
14009917,White,1
14009949,White,1
14010085,White,1
14010092,White,1
14010287,White,1
14010294,White,1
14010331,White,1
14010336,White,1
14010484,White,1
14010591,White,1
14010601,White,1
14010612,White,1
14010707,White,1
14010847,White,1
14010871,White,1
14010938,White,1
14011084,White,1
14011098,White,1
14011227,White,1
14011232,White,1
14011324,White,1
14011361,White,1
14011407,White,1
14011499,White,1
14011616,White,1
14011682,White,1
14011710,White,1
14011730,White,1
14011841,White,1
14012105,White,1
14012140,White,1
15000227,White,1
15000331,White,1
15000658,White,1
15000694,White,1
15000906,White,1
15000944,White,1
15000982,White,1
15001092,White,1
15001093,White,1
15001272,White,1
15001273,White,1
15001445,White,1
15001576,White,1
15001655,White,1
15001839,White,1
15001840,White,1
15001853,White,1
15002016,White,1
15002130,White,1
15002201,White,1
15002409,White,1
15002456,White,1
15002615,White,1
15002625,White,1
15002717,White,1
15002718,White,1
15002903,White,1
15002983,White,1
15003153,White,1
15003161,White,1
15003175,White,1
15003380,White,1
15003544,White,1
15003833,White,1
15003890,White,1
15003992,White,1
15004128,White,1
15004140,White,1
15004153,White,1
15004171,White,1
15004360,White,1
15004875,White,1
15004883,White,1
15004891,White,1
15005092,White,1
15005380,White,1
15005382,White,1
15005487,White,1
15005582,White,1
15005626,White,1
15005672,White,1
15005676,White,1
15005942,White,1
15005980,White,1
15006149,White,1
15006367,White,1
15006376,White,1
15006521,White,1
15006534,White,1
15006697,White,1
15007313,White,1
15007383,White,1
15007402,White,1
15007406,White,1
15007517,White,1
15007573,White,1
15007581,White,1
15007711,White,1
15007728,White,1
15007729,White,1
15007895,White,1
15008077,White,1
15008146,White,1
15008195,White,1
15008274,White,1
15008427,White,1
15008432,White,1
15008507,White,1
15008513,White,1
15008635,White,1
15008917,White,1
15009035,White,1
15009078,White,1
15009113,White,1
15009170,White,1
15009399,White,1
15009457,White,1
15009459,White,1
15009510,White,1
15009657,White,1
15009701,White,1
15009735,White,1
15009796,White,1
15009798,White,1
15009868,White,1
15009945,White,1
15010001,White,1
15010199,White,1
15010218,White,1
15010804,White,1
15010906,White,1
15011099,White,1
15011113,White,1
15011140,White,1
15011243,White,1
15011556,White,1
15011629,White,1
15011873,White,1
15011907,White,1
15012279,White,1
15012323,White,1
15012329,White,1
15012330,White,1
16000195,White,1
16000196,White,1
16000243,White,1
16000462,White,1
16000723,White,1
16000739,White,1
16001202,White,1
16001260,White,1
16001473,White,1
16001525,White,1
16001546,White,1
16001746,White,1
16001753,White,1
16002237,White,1
16002249,White,1
16002397,White,1
16002400,White,1
16002439,White,1
16002615,White,1
16002678,White,1
16002855,White,1
16003027,White,1
16003157,White,1
16003247,White,1
16003410,White,1
16003975,White,1
16004063,White,1
16004100,White,1
16004185,White,1
16004197,White,1
16004273,White,1
16004337,White,1
16004458,White,1
16004481,White,1
16004739,White,1
16004863,White,1
16005138,White,1
16005144,White,1
16005267,White,1
16005275,White,1
16005276,White,1
16005361,White,1
16005363,White,1
16005403,White,1
16005482,White,1
16005573,White,1
16005610,White,1
16005644,White,1
16000003,Black,0
16000005,Black,0
16000013,Black,0
16000029,Black,0
16000045,Black,0
16000046,Black,0
16000062,Black,0
16000073,Black,0
16000184,Black,0
16000268,Black,0
16000410,Black,0
16000482,Black,0
16000483,Black,0
16000560,Black,0
16000680,Black,0
16000681,Black,0
16000689,Black,0
16000701,Black,0
16000715,Black,0
16000717,Black,0
16000827,Black,0
16000897,Black,0
16001173,Black,0
16001229,Black,0
16001295,Black,0
16001306,Black,0
16001307,Black,0
16001308,Black,0
16001311,Black,0
16001350,Black,0
16001409,Black,0
16001508,Black,0
16001515,Black,0
16001529,Black,0
16001538,Black,0
16001558,Black,0
16001627,Black,0
16001776,Black,0
16001881,Black,0
16001887,Black,0
16001964,Black,0
16001966,Black,0
16001993,Black,0
16002049,Black,0
16002084,Black,0
16002121,Black,0
16002146,Black,0
16002206,Black,0
16002213,Black,0
16002270,Black,0
16002321,Black,0
16002355,Black,0
16002391,Black,0
16002403,Black,0
16002420,Black,0
16002468,Black,0
16002492,Black,0
16002504,Black,0
16002531,Black,0
16002558,Black,0
16002648,Black,0
16002651,Black,0
16002672,Black,0
16002714,Black,0
16002784,Black,0
16002794,Black,0
16002827,Black,0
16002857,Black,0
16002893,Black,0
16002911,Black,0
16002920,Black,0
16003006,Black,0
16003051,Black,0
16003061,Black,0
16003101,Black,0
16003106,Black,0
16003169,Black,0
16003210,Black,0
16003228,Black,0
16003232,Black,0
16003426,Black,0
16003461,Black,0
16003480,Black,0
16003503,Black,0
16003525,Black,0
16003528,Black,0
16003556,Black,0
16003563,Black,0
16003582,Black,0
16003605,Black,0
16003657,Black,0
16003676,Black,0
16003705,Black,0
16003888,Black,0
16003907,Black,0
16004207,Black,0
16004209,Black,0
16004218,Black,0
16004233,Black,0
16004242,Black,0
16004320,Black,0
16004327,Black,0
16004342,Black,0
16004459,Black,0
16004470,Black,0
16004505,Black,0
16004548,Black,0
16004555,Black,0
16004559,Black,0
16004616,Black,0
16004623,Black,0
16004626,Black,0
16004634,Black,0
16004733,Black,0
16004736,Black,0
16004747,Black,0
16004763,Black,0
16004800,Black,0
16004572,Black,0
16004868,Black,0
16004913,Black,0
16004952,Black,0
16005021,Black,0
16005190,Black,0
16005220,Black,0
16005228,Black,0
16005242,Black,0
16005311,Black,0
16005311,Black,0
16005326,Black,0
16005359,Black,0
16005386,Black,0
16005390,Black,0
16005487,Black,0
16005492,Black,0
16005529,Black,0
16005566,Black,0
16005591,Black,0
16005678,Black,0
16005745,Black,0
16005747,Black,0
16000008,White,0
16000012,White,0
16000015,White,0
16000021,White,0
16000039,White,0
16000058,White,0
16000064,White,0
16000074,White,0
16000088,White,0
16000094,White,0
16000123,White,0
16000160,White,0
16000164,White,0
16000168,White,0
16000169,White,0
16000174,White,0
16000178,White,0
16000181,White,0
16000185,White,0
16000190,White,0
16000195,White,0
16000196,White,0
16000216,White,0
16000218,White,0
16000225,White,0
16000240,White,0
16000243,White,0
16000259,White,0
16000265,White,0
16000284,White,0
16000286,White,0
16000288,White,0
16000298,White,0
16000305,White,0
16000316,White,0
16000336,White,0
16000344,White,0
16000345,White,0
16000351,White,0
16000356,White,0
16000360,White,0
16000375,White,0
16000377,White,0
16000378,White,0
16000380,White,0
16000395,White,0
16000411,White,0
16000414,White,0
16000417,White,0
16000419,White,0
16000421,White,0
16000449,White,0
16000452,White,0
16000457,White,0
16000462,White,0
16000496,White,0
16000506,White,0
16000508,White,0
16000515,White,0
16000521,White,0
16000545,White,0
16000549,White,0
16000556,White,0
16000557,White,0
16000572,White,0
16000579,White,0
16000581,White,0
16000595,White,0
16000610,White,0
16000637,White,0
16000638,White,0
16000642,White,0
16000644,White,0
16000653,White,0
16000658,White,0
16000674,White,0
16000678,White,0
16000683,White,0
16000684,White,0
16000690,White,0
16000691,White,0
16000694,White,0
16000703,White,0
16000714,White,0
16000719,White,0
16000723,White,0
16000739,White,0
16000743,White,0
16000767,White,0
16000795,White,0
16000803,White,0
16000807,White,0
16000808,White,0
16000815,White,0
16000816,White,0
16000819,White,0
16000821,White,0
16000822,White,0
16000840,White,0
16000856,White,0
16000867,White,0
16000876,White,0
16000885,White,0
16000886,White,0
16000901,White,0
16000923,White,0
16000940,White,0
16000949,White,0
16000950,White,0
16000956,White,0
16001083,White,0
16001113,White,0
16001115,White,0
16001116,White,0
16001137,White,0
16001140,White,0
16001148,White,0
16001156,White,0
16001172,White,0
16001178,White,0
16001201,White,0
16001202,White,0
16001211,White,0
16001230,White,0
16001248,White,0
16001250,White,0
16001256,White,0
16001260,White,0
16001261,White,0
16001277,White,0
16001282,White,0
16001285,White,0
16001289,White,0
16001292,White,0
16001304,White,0
16001335,White,0
16001344,White,0
16001351,White,0
16001364,White,0
16001372,White,0
16001378,White,0
16001402,White,0
16001404,White,0
16001405,White,0
16001414,White,0
16001423,White,0
16001441,White,0
16001442,White,0
16001473,White,0
16001482,White,0
16001513,White,0
16001516,White,0
16001519,White,0
16001525,White,0
16001530,White,0
16001532,White,0
16001545,White,0
16001546,White,0
16001552,White,0
16001556,White,0
16001559,White,0
16001597,White,0
16001600,White,0
16001604,White,0
16001620,White,0
16001631,White,0
16001666,White,0
16001670,White,0
16001672,White,0
16001674,White,0
16001678,White,0
16001706,White,0
16001710,White,0
16001737,White,0
16001741,White,0
16001746,White,0
16001753,White,0
16001763,White,0
16001772,White,0
16001780,White,0
16001800,White,0
16001828,White,0
16001846,White,0
16001862,White,0
16001862,White,0
16001867,White,0
16001874,White,0
16001878,White,0
16001914,White,0
16001919,White,0
16001936,White,0
16001943,White,0
16001954,White,0
16001957,White,0
16001998,White,0
16002010,White,0
16002018,White,0
16002023,White,0
16002025,White,0
16002026,White,0
16002043,White,0
16002050,White,0
16002055,White,0
16002087,White,0
16002101,White,0
16002120,White,0
16002202,White,0
16002204,White,0
16002212,White,0
16002215,White,0
16002236,White,0
16002237,White,0
16002242,White,0
16002249,White,0
16002254,White,0
16002260,White,0
16002264,White,0
16002264,White,0
16002276,White,0
16002279,White,0
16002282,White,0
16002283,White,0
16002317,White,0
16002329,White,0
16002335,White,0
16002340,White,0
16002364,White,0
16002367,White,0
16002379,White,0
16002385,White,0
16002394,White,0
16002395,White,0
16002396,White,0
16002397,White,0
16002399,White,0
16002400,White,0
16002404,White,0
16002407,White,0
16002410,White,0
16002412,White,0
16002431,White,0
16002437,White,0
16002439,White,0
16002448,White,0
16002449,White,0
16002458,White,0
16002481,White,0
16002482,White,0
16002484,White,0
16002489,White,0
16002513,White,0
16002514,White,0
16002523,White,0
16002525,White,0
16002526,White,0
16002535,White,0
16002540,White,0
16002542,White,0
16002546,White,0
16002553,White,0
16002590,White,0
16002600,White,0
16002615,White,0
16002626,White,0
16002649,White,0
16002652,White,0
16002661,White,0
16002662,White,0
16002666,White,0
16002668,White,0
16002677,White,0
16002678,White,0
16002681,White,0
16002687,White,0
16002692,White,0
16002700,White,0
16002746,White,0
16002767,White,0
16002769,White,0
16002765,White,0
16002773,White,0
16002782,White,0
16002790,White,0
16002791,White,0
16002815,White,0
16002823,White,0
16002828,White,0
16002831,White,0
16002842,White,0
16002845,White,0
16002846,White,0
16002847,White,0
16002850,White,0
16002853,White,0
16002855,White,0
16002860,White,0
16002862,White,0
16002922,White,0
16002939,White,0
16002940,White,0
16002970,White,0
16002976,White,0
16002988,White,0
16002989,White,0
16002990,White,0
16003014,White,0
16003026,White,0
16003027,White,0
16003041,White,0
16003060,White,0
16003063,White,0
16003065,White,0
16003069,White,0
16003073,White,0
16003085,White,0
16003097,White,0
16003100,White,0
16003104,White,0
16003115,White,0
16003118,White,0
16003119,White,0
16003123,White,0
16003132,White,0
16003139,White,0
16003141,White,0
16003157,White,0
16003180,White,0
16003190,White,0
16003193,White,0
16003195,White,0
16003214,White,0
16003221,White,0
16003230,White,0
16003238,White,0
16003247,White,0
16003253,White,0
16003258,White,0
16003259,White,0
16003260,White,0
16003268,White,0
16003314,White,0
16003318,White,0
16003336,White,0
16003354,White,0
16003369,White,0
16003372,White,0
16003384,White,0
16003402,White,0
16003410,White,0
16003432,White,0
16003435,White,0
16003449,White,0
16003451,White,0
16003452,White,0
16003453,White,0
16003474,White,0
16003501,White,0
16003502,White,0
16003553,White,0
16003572,White,0
16003601,White,0
16003623,White,0
16003631,White,0
16003643,White,0
16003670,White,0
16003682,White,0
16003683,White,0
16003684,White,0
16003688,White,0
16003695,White,0
16003737,White,0
16003741,White,0
16003742,White,0
16003747,White,0
16003767,White,0
16003784,White,0
16003819,White,0
16003845,White,0
16003851,White,0
16003853,White,0
16003881,White,0
16003889,White,0
16003904,White,0
16003911,White,0
16003953,White,0
16003959,White,0
16003975,White,0
16003976,White,0
16003983,White,0
16003984,White,0
16003987,White,0
16003989,White,0
16003995,White,0
16004014,White,0
16004015,White,0
16004032,White,0
16004040,White,0
16004056,White,0
16004060,White,0
16004063,White,0
16004068,White,0
16004081,White,0
16004097,White,0
16004100,White,0
16004108,White,0
16004128,White,0
16004145,White,0
16004169,White,0
16004172,White,0
16004185,White,0
16004195,White,0
16004197,White,0
16004198,White,0
16004204,White,0
16004206,White,0
16004208,White,0
16004237,White,0
16004266,White,0
16004270,White,0
16004272,White,0
16004273,White,0
16004276,White,0
16004277,White,0
16004278,White,0
16004279,White,0
16004280,White,0
16004281,White,0
16004282,White,0
16004287,White,0
16004305,White,0
16004319,White,0
16004321,White,0
16004323,White,0
16004337,White,0
16004340,White,0
16004343,White,0
16004344,White,0
16004345,White,0
16004396,White,0
16004400,White,0
16004403,White,0
16004425,White,0
16004426,White,0
16004427,White,0
16004435,White,0
16004445,White,0
16004446,White,0
16004456,White,0
16004457,White,0
16004458,White,0
16004460,White,0
16004461,White,0
16004462,White,0
16004464,White,0
16004465,White,0
16004466,White,0
16004471,White,0
16004473,White,0
16004474,White,0
16004481,White,0
16004488,White,0
16004493,White,0
16004496,White,0
16004497,White,0
16004504,White,0
16004515,White,0
16004589,White,0
16004591,White,0
16004594,White,0
16004595,White,0
16004598,White,0
16004601,White,0
16004615,White,0
16004618,White,0
16004622,White,0
16004625,White,0
16004631,White,0
16004632,White,0
16004633,White,0
16004679,White,0
16004691,White,0
16004722,White,0
16004730,White,0
16004739,White,0
16004752,White,0
16004764,White,0
16004765,White,0
16004768,White,0
16004774,White,0
16004777,White,0
16004781,White,0
16004783,White,0
16004784,White,0
16004785,White,0
16004790,White,0
16004791,White,0
16004793,White,0
16004851,White,0
16004857,White,0
16004858,White,0
16004859,White,0
16004863,White,0
16004866,White,0
16004877,White,0
16004896,White,0
16004909,White,0
16004910,White,0
16004914,White,0
16004920,White,0
16004925,White,0
16004966,White,0
16004976,White,0
16004979,White,0
16004986,White,0
16005004,White,0
16005020,White,0
16005022,White,0
16005025,White,0
16005028,White,0
16005041,White,0
16005049,White,0
16005050,White,0
16005059,White,0
16005068,White,0
16005116,White,0
16005138,White,0
16005144,White,0
16005165,White,0
16005176,White,0
16005188,White,0
16005189,White,0
16005191,White,0
16005203,White,0
16005213,White,0
16005229,White,0
16005245,White,0
16005258,White,0
16005267,White,0
16005275,White,0
16005276,White,0
16005278,White,0
16005298,White,0
16005313,White,0
16005357,White,0
16005361,White,0
16005363,White,0
16005372,White,0
16005374,White,0
16005380,White,0
16005381,White,0
16005400,White,0
16005402,White,0
16005403,White,0
16005404,White,0
16005442,White,0
16005459,White,0
16005467,White,0
16005471,White,0
16005479,White,0
16005480,White,0
16005482,White,0
16005484,White,0
16005486,White,0
16005490,White,0
16005494,White,0
16005495,White,0
16005499,White,0
16005500,White,0
16005502,White,0
16005507,White,0
16005536,White,0
16005539,White,0
16005550,White,0
16005567,White,0
16005573,White,0
16005588,White,0
16005592,White,0
16005599,White,0
16005607,White,0
16005610,White,0
16005611,White,0
16005644,White,0
16005648,White,0
16005649,White,0
16005650,White,0
16005651,White,0
16005652,White,0
16005695,White,0
16005712,White,0
16005732,White,0
15000003,Black,0
15000017,Black,0
15000041,Black,0
15000080,Black,0
15000105,Black,0
15000168,Black,0
15000201,Black,0
15000202,Black,0
15000204,Black,0
15000242,Black,0
15000246,Black,0
15000251,Black,0
15000252,Black,0
15000310,Black,0
15000332,Black,0
15000347,Black,0
15000364,Black,0
15000375,Black,0
15000419,Black,0
15000484,Black,0
15000510,Black,0
15000523,Black,0
15000531,Black,0
15000620,Black,0
15000654,Black,0
15000660,Black,0
15000724,Black,0
15000838,Black,0
15000844,Black,0
15000848,Black,0
15000874,Black,0
15000883,Black,0
15000891,Black,0
15000903,Black,0
15000954,Black,0
15000957,Black,0
15000969,Black,0
15000972,Black,0
15000992,Black,0
15001049,Black,0
15001076,Black,0
15001118,Black,0
15001133,Black,0
15001150,Black,0
15001236,Black,0
15001249,Black,0
15001305,Black,0
15001306,Black,0
15001319,Black,0
15001429,Black,0
15001441,Black,0
15001463,Black,0
15001504,Black,0
15001521,Black,0
15001533,Black,0
15001639,Black,0
15001645,Black,0
15001679,Black,0
15001754,Black,0
15001788,Black,0
15001864,Black,0
15001875,Black,0
15001878,Black,0
15001891,Black,0
15001895,Black,0
15001970,Black,0
15002031,Black,0
15002064,Black,0
15002085,Black,0
15002129,Black,0
15002208,Black,0
15002234,Black,0
15002288,Black,0
15002319,Black,0
15002331,Black,0
15002336,Black,0
15002365,Black,0
15002391,Black,0
15002395,Black,0
15002400,Black,0
15002408,Black,0
15002457,Black,0
15002460,Black,0
15002475,Black,0
15002553,Black,0
15002572,Black,0
15002630,Black,0
15002631,Black,0
15002657,Black,0
15002659,Black,0
15002663,Black,0
15002714,Black,0
15002724,Black,0
15002737,Black,0
15002764,Black,0
15002804,Black,0
15002808,Black,0
15002820,Black,0
15002830,Black,0
15002904,Black,0
15002919,Black,0
15002931,Black,0
15002932,Black,0
15002933,Black,0
15002957,Black,0
15002988,Black,0
15002991,Black,0
15003028,Black,0
15003029,Black,0
15003165,Black,0
15003242,Black,0
15003304,Black,0
15003314,Black,0
15003431,Black,0
15003434,Black,0
15003460,Black,0
15003466,Black,0
15003487,Black,0
15003542,Black,0
15003546,Black,0
15003593,Black,0
15003657,Black,0
15003661,Black,0
15003662,Black,0
15003675,Black,0
15003762,Black,0
15003764,Black,0
15003921,Black,0
15003939,Black,0
15003946,Black,0
15003958,Black,0
15003959,Black,0
15003997,Black,0
15004019,Black,0
15004163,Black,0
15004203,Black,0
15004225,Black,0
15004240,Black,0
15004267,Black,0
15004312,Black,0
15004318,Black,0
15004323,Black,0
15004407,Black,0
15004437,Black,0
15004438,Black,0
15004446,Black,0
15004451,Black,0
15004510,Black,0
15004582,Black,0
15004605,Black,0
15004646,Black,0
15004720,Black,0
15004722,Black,0
15004731,Black,0
15004734,Black,0
15004754,Black,0
15004768,Black,0
15004774,Black,0
15004775,Black,0
15004804,Black,0
15004841,Black,0
15004850,Black,0
15004893,Black,0
15004913,Black,0
15004923,Black,0
15004925,Black,0
15004929,Black,0
15004973,Black,0
15004990,Black,0
15004999,Black,0
15005060,Black,0
15005071,Black,0
15005110,Black,0
15005166,Black,0
15005242,Black,0
15005340,Black,0
15005357,Black,0
15005367,Black,0
15005372,Black,0
15005392,Black,0
15005393,Black,0
15005399,Black,0
15005425,Black,0
15005429,Black,0
15005489,Black,0
15005611,Black,0
15005614,Black,0
15005615,Black,0
15005632,Black,0
15005634,Black,0
15005688,Black,0
15005805,Black,0
15005854,Black,0
15005868,Black,0
15005889,Black,0
15005897,Black,0
15006011,Black,0
15006027,Black,0
15006030,Black,0
15006046,Black,0
15006124,Black,0
15006134,Black,0
15006135,Black,0
15006174,Black,0
15006197,Black,0
15006205,Black,0
15006359,Black,0
15006361,Black,0
15006375,Black,0
15006385,Black,0
15006392,Black,0
15006411,Black,0
15006443,Black,0
15006445,Black,0
15006454,Black,0
15006474,Black,0
15006490,Black,0
15006557,Black,0
15006564,Black,0
15006568,Black,0
15006569,Black,0
15006576,Black,0
15006580,Black,0
15006594,Black,0
15006601,Black,0
15006617,Black,0
15006619,Black,0
15006633,Black,0
15006638,Black,0
15006669,Black,0
15006671,Black,0
15006672,Black,0
15006684,Black,0
15006724,Black,0
15006726,Black,0
15006754,Black,0
15006759,Black,0
15006805,Black,0
15006810,Black,0
15006877,Black,0
15006880,Black,0
15006882,Black,0
15006930,Black,0
15006958,Black,0
15006972,Black,0
15006988,Black,0
15006990,Black,0
15006992,Black,0
15006997,Black,0
15007008,Black,0
15007029,Black,0
15007036,Black,0
15007049,Black,0
15007077,Black,0
15007121,Black,0
15007138,Black,0
15007140,Black,0
15007160,Black,0
15007187,Black,0
15007190,Black,0
15007215,Black,0
15007220,Black,0
15007236,Black,0
15007255,Black,0
15007369,Black,0
15007425,Black,0
15007429,Black,0
15007461,Black,0
15007464,Black,0
15007469,Black,0
15007471,Black,0
15007483,Black,0
15007525,Black,0
15007561,Black,0
15007563,Black,0
15007613,Black,0
15007685,Black,0
15007691,Black,0
15007743,Black,0
15007748,Black,0
15007784,Black,0
15007805,Black,0
15007813,Black,0
15007830,Black,0
15007899,Black,0
15007904,Black,0
15007905,Black,0
15007908,Black,0
15007913,Black,0
15007925,Black,0
15007932,Black,0
15007938,Black,0
15007968,Black,0
15008092,Black,0
15008136,Black,0
15008141,Black,0
15008148,Black,0
15008276,Black,0
15008279,Black,0
15008284,Black,0
15008303,Black,0
15008370,Black,0
15008517,Black,0
15008524,Black,0
15008530,Black,0
15008618,Black,0
15008644,Black,0
15008660,Black,0
15008780,Black,0
15008813,Black,0
15008872,Black,0
15008926,Black,0
15008995,Black,0
15009023,Black,0
15009038,Black,0
15009112,Black,0
15009130,Black,0
15009133,Black,0
15009165,Black,0
15009185,Black,0
15009218,Black,0
15009255,Black,0
15009267,Black,0
15009303,Black,0
15009357,Black,0
15009372,Black,0
15009379,Black,0
15009384,Black,0
15009390,Black,0
15009391,Black,0
15009393,Black,0
15009405,Black,0
15009478,Black,0
15009499,Black,0
15009500,Black,0
15009501,Black,0
15009559,Black,0
15009587,Black,0
15009602,Black,0
15009608,Black,0
15009676,Black,0
15009728,Black,0
15009730,Black,0
15009743,Black,0
15009759,Black,0
15009761,Black,0
15009773,Black,0
15009776,Black,0
15009782,Black,0
15009793,Black,0
15009897,Black,0
15009926,Black,0
15009948,Black,0
15009949,Black,0
15009975,Black,0
15010006,Black,0
15010015,Black,0
15010016,Black,0
15010060,Black,0
15010064,Black,0
15010101,Black,0
15010152,Black,0
15010183,Black,0
15010226,Black,0
15010239,Black,0
15010257,Black,0
15010280,Black,0
15010288,Black,0
15010290,Black,0
15010312,Black,0
15010308,Black,0
15010400,Black,0
15010429,Black,0
15010430,Black,0
15010590,Black,0
15010597,Black,0
15010620,Black,0
15010679,Black,0
15010713,Black,0
15010732,Black,0
15010754,Black,0
15010760,Black,0
15010820,Black,0
15010828,Black,0
15010912,Black,0
15010913,Black,0
15010943,Black,0
15010974,Black,0
15011054,Black,0
15011159,Black,0
15011172,Black,0
15011174,Black,0
15011199,Black,0
15011261,Black,0
15011278,Black,0
15011320,Black,0
15011331,Black,0
15011344,Black,0
15011355,Black,0
15011372,Black,0
15011538,Black,0
15011569,Black,0
15011570,Black,0
15011630,Black,0
15011687,Black,0
15011688,Black,0
15011724,Black,0
15011727,Black,0
15011799,Black,0
15011831,Black,0
15011832,Black,0
15011857,Black,0
15011891,Black,0
15011908,Black,0
15011946,Black,0
15011981,Black,0
15012017,Black,0
15012051,Black,0
15012081,Black,0
15012140,Black,0
15012142,Black,0
15012159,Black,0
15012185,Black,0
15012190,Black,0
15012245,Black,0
15012255,Black,0
15012258,Black,0
15012263,Black,0
15012295,Black,0
15012327,Black,0
15012345,Black,0
15012400,Black,0
15012601,Black,0
15012606,Black,0
15012641,Black,0
15012812,Black,0
15000008,White,0
15000028,White,0
15000035,White,0
15000039,White,0
15000040,White,0
15000046,White,0
15000058,White,0
15000070,White,0
15000071,White,0
15000075,White,0
15000086,White,0
15000113,White,0
15000117,White,0
15000119,White,0
15000135,White,0
15000157,White,0
15000164,White,0
15000171,White,0
15000173,White,0
15000175,White,0
15000218,White,0
15000219,White,0
15000222,White,0
15000225,White,0
15000227,White,0
15000250,White,0
15000254,White,0
15000259,White,0
15000270,White,0
15000273,White,0
15000282,White,0
15000283,White,0
15000300,White,0
15000313,White,0
15000317,White,0
15000318,White,0
15000331,White,0
15000341,White,0
15000353,White,0
15000360,White,0
15000363,White,0
15000375,White,0
15000375,White,0
15000381,White,0
15000382,White,0
15000375,White,0
15000386,White,0
15000395,White,0
15000404,White,0
15000406,White,0
15000407,White,0
15000410,White,0
15000411,White,0
15000412,White,0
15000420,White,0
15000424,White,0
15000425,White,0
15000437,White,0
15000438,White,0
15000444,White,0
15000449,White,0
15000451,White,0
15000464,White,0
15000469,White,0
15000478,White,0
15000480,White,0
15000482,White,0
15000486,White,0
15000492,White,0
15000495,White,0
15000496,White,0
15000500,White,0
15000515,White,0
15000518,White,0
15000520,White,0
15000521,White,0
15000534,White,0
15000551,White,0
15000562,White,0
15000564,White,0
15000568,White,0
15000569,White,0
15000571,White,0
15000572,White,0
15000581,White,0
15000585,White,0
15000595,White,0
15000604,White,0
15000605,White,0
15000606,White,0
15000607,White,0
15000610,White,0
15000611,White,0
15000614,White,0
15000615,White,0
15000616,White,0
15000617,White,0
15000618,White,0
15000640,White,0
15000645,White,0
15000652,White,0
15000658,White,0
15000661,White,0
15000662,White,0
15000664,White,0
15000673,White,0
15000692,White,0
15000694,White,0
15000703,White,0
15000727,White,0
15000728,White,0
15000739,White,0
15000740,White,0
15000742,White,0
15000743,White,0
15000744,White,0
15000745,White,0
15000798,White,0
15000808,White,0
15000809,White,0
15000810,White,0
15000815,White,0
15000816,White,0
15000832,White,0
15000833,White,0
15000835,White,0
15000840,White,0
15000842,White,0
15000845,White,0
15000846,White,0
15000851,White,0
15000861,White,0
15000868,White,0
15000890,White,0
15000894,White,0
15000906,White,0
15000917,White,0
15000920,White,0
15000928,White,0
15000930,White,0
15000931,White,0
15000944,White,0
15000952,White,0
15000953,White,0
15000956,White,0
15000961,White,0
15000976,White,0
15000981,White,0
15000988,White,0
15000982,White,0
15000999,White,0
15001001,White,0
15001002,White,0
15001008,White,0
15001011,White,0
15001013,White,0
15001021,White,0
15001025,White,0
15001027,White,0
15001033,White,0
15001046,White,0
15001051,White,0
15001064,White,0
15001067,White,0
15001078,White,0
15001088,White,0
15001090,White,0
15001092,White,0
15001093,White,0
15001100,White,0
15001109,White,0
15001111,White,0
15001113,White,0
15001114,White,0
15001117,White,0
15001122,White,0
15001125,White,0
15001129,White,0
15001131,White,0
15001134,White,0
15001135,White,0
15001136,White,0
15001137,White,0
15001149,White,0
15001153,White,0
15001164,White,0
15001176,White,0
15001183,White,0
15001191,White,0
15001213,White,0
15001215,White,0
15001219,White,0
15001221,White,0
15001222,White,0
15001225,White,0
15001226,White,0
15001227,White,0
15001228,White,0
15001230,White,0
15001231,White,0
15001234,White,0
15001237,White,0
15001238,White,0
15001248,White,0
15001257,White,0
15001260,White,0
15001272,White,0
15001273,White,0
15001284,White,0
15001290,White,0
15001298,White,0
15001299,White,0
15001300,White,0
15001304,White,0
15001317,White,0
15001333,White,0
15001335,White,0
15001355,White,0
15001358,White,0
15001362,White,0
15001363,White,0
15001379,White,0
15001380,White,0
15001383,White,0
15001388,White,0
15001401,White,0
15001402,White,0
15001409,White,0
15001416,White,0
15001442,White,0
15001445,White,0
15001449,White,0
15001451,White,0
15001454,White,0
15001467,White,0
15001476,White,0
15001478,White,0
15001482,White,0
15001483,White,0
15001485,White,0
15001486,White,0
15001491,White,0
15001492,White,0
15001493,White,0
15001502,White,0
15001505,White,0
15001514,White,0
15001523,White,0
15001529,White,0
15001536,White,0
15001538,White,0
15001541,White,0
15001542,White,0
15001545,White,0
15001551,White,0
15001553,White,0
15001555,White,0
15001567,White,0
15001568,White,0
15001571,White,0
15001572,White,0
15001575,White,0
15001576,White,0
15001577,White,0
15001581,White,0
15001583,White,0
15001586,White,0
15001587,White,0
15001591,White,0
15001592,White,0
15001593,White,0
15001594,White,0
15001595,White,0
15001597,White,0
15001598,White,0
15001600,White,0
15001605,White,0
15001609,White,0
15001614,White,0
15001626,White,0
15001629,White,0
15001631,White,0
15001635,White,0
15001637,White,0
15001638,White,0
15001648,White,0
15001654,White,0
15001655,White,0
15001658,White,0
15001662,White,0
15001718,White,0
15001719,White,0
15001726,White,0
15001727,White,0
15001730,White,0
15001734,White,0
15001740,White,0
15001741,White,0
15001745,White,0
15001746,White,0
15001747,White,0
15001756,White,0
15001761,White,0
15001775,White,0
15001791,White,0
15001795,White,0
15001796,White,0
15001802,White,0
15001805,White,0
15001809,White,0
15001839,White,0
15001840,White,0
15001841,White,0
15001844,White,0
15001845,White,0
15001846,White,0
15001850,White,0
15001853,White,0
15001854,White,0
15001863,White,0
15001865,White,0
15001887,White,0
15001888,White,0
15001897,White,0
15001898,White,0
15001899,White,0
15001901,White,0
15001902,White,0
15001903,White,0
15001918,White,0
15001922,White,0
15001935,White,0
15001943,White,0
15001945,White,0
15001954,White,0
15001955,White,0
15001956,White,0
15002004,White,0
15002007,White,0
15002016,White,0
15002019,White,0
15002021,White,0
15002024,White,0
15002026,White,0
15002027,White,0
15002028,White,0
15002029,White,0
15002034,White,0
15002043,White,0
15002045,White,0
15002056,White,0
15002057,White,0
15002074,White,0
15002081,White,0
15002082,White,0
15002083,White,0
15002095,White,0
15002096,White,0
15002103,White,0
15002108,White,0
15002130,White,0
15002131,White,0
15002140,White,0
15002146,White,0
15002161,White,0
15002185,White,0
15002186,White,0
15002188,White,0
15002196,White,0
15002201,White,0
15002206,White,0
15002212,White,0
15002213,White,0
15002216,White,0
15002218,White,0
15002219,White,0
15002231,White,0
15002243,White,0
15002241,White,0
15002246,White,0
15002253,White,0
15002257,White,0
15002259,White,0
15002269,White,0
15002300,White,0
15002320,White,0
15002330,White,0
15002121,White,0
15002351,White,0
15002354,White,0
15002359,White,0
15002371,White,0
15002373,White,0
15002380,White,0
15002386,White,0
15002387,White,0
15002393,White,0
15002399,White,0
15002404,White,0
15002409,White,0
15002412,White,0
15002416,White,0
15002417,White,0
15002431,White,0
15002442,White,0
15002447,White,0
15002452,White,0
15002456,White,0
15002465,White,0
15002472,White,0
15002488,White,0
15002507,White,0
15002508,White,0
15002521,White,0
15002522,White,0
15002530,White,0
15002533,White,0
15002537,White,0
15002542,White,0
15002555,White,0
15002556,White,0
15002576,White,0
15002577,White,0
15002593,White,0
15002595,White,0
15002602,White,0
15002603,White,0
15002614,White,0
15002615,White,0
15002616,White,0
15002625,White,0
15002627,White,0
15002632,White,0
15002653,White,0
15002654,White,0
15002660,White,0
15002661,White,0
15002669,White,0
15002700,White,0
15002717,White,0
15002718,White,0
15002723,White,0
15002747,White,0
15002753,White,0
15002755,White,0
15002757,White,0
15002760,White,0
15002761,White,0
15002765,White,0
15002774,White,0
15002782,White,0
15002788,White,0
15002794,White,0
15002795,White,0
15002796,White,0
15002806,White,0
15002810,White,0
15002819,White,0
15002821,White,0
15002822,White,0
15002864,White,0
15002897,White,0
15002902,White,0
15002903,White,0
15002909,White,0
15002914,White,0
15002924,White,0
15002925,White,0
15002926,White,0
15002927,White,0
15002928,White,0
15002930,White,0
15002936,White,0
15002938,White,0
15002939,White,0
15002940,White,0
15002941,White,0
15002947,White,0
15002949,White,0
15002954,White,0
15002956,White,0
15002959,White,0
15002960,White,0
15002961,White,0
15002963,White,0
15002965,White,0
15002972,White,0
15002975,White,0
15002976,White,0
15002978,White,0
15002981,White,0
15002983,White,0
15002992,White,0
15002993,White,0
15002999,White,0
15003000,White,0
15003001,White,0
15003003,White,0
15003007,White,0
15003010,White,0
15003015,White,0
15003018,White,0
15003030,White,0
15003031,White,0
15003032,White,0
15003033,White,0
15003034,White,0
15003035,White,0
15003076,White,0
15003077,White,0
15003079,White,0
15003108,White,0
15002946,White,0
15003114,White,0
15003117,White,0
15003118,White,0
15003127,White,0
15003129,White,0
15003133,White,0
15003138,White,0
15003139,White,0
15003141,White,0
15003150,White,0
15003152,White,0
15003153,White,0
15003155,White,0
15003156,White,0
15003161,White,0
15003162,White,0
15003168,White,0
15003169,White,0
15003170,White,0
15003171,White,0
15003172,White,0
15003175,White,0
15003176,White,0
15003196,White,0
15003214,White,0
15003223,White,0
15003236,White,0
15003267,White,0
15003280,White,0
15003283,White,0
15003287,White,0
15003290,White,0
15003303,White,0
15003305,White,0
15003320,White,0
15003323,White,0
15003333,White,0
15003335,White,0
15003344,White,0
15003346,White,0
15003347,White,0
15003367,White,0
15003380,White,0
15003385,White,0
15003388,White,0
15003392,White,0
15003394,White,0
15003396,White,0
15003421,White,0
15003422,White,0
15003432,White,0
15003438,White,0
15003444,White,0
15003452,White,0
15003457,White,0
15003458,White,0
15003461,White,0
15003462,White,0
15003477,White,0
15003489,White,0
15003491,White,0
15003498,White,0
15003503,White,0
15003504,White,0
15003506,White,0
15003509,White,0
15003518,White,0
15003526,White,0
15003529,White,0
15003532,White,0
15003544,White,0
15003545,White,0
15003550,White,0
15003565,White,0
15003568,White,0
15003573,White,0
15003588,White,0
15003590,White,0
15003600,White,0
15003601,White,0
15003603,White,0
15003610,White,0
15003611,White,0
15003620,White,0
15003621,White,0
15003622,White,0
15003623,White,0
15003626,White,0
15003628,White,0
15003652,White,0
15003654,White,0
15003658,White,0
15003663,White,0
15003668,White,0
15003669,White,0
15003671,White,0
15003677,White,0
15003687,White,0
15003722,White,0
15003730,White,0
15003771,White,0
15003772,White,0
15003773,White,0
15003782,White,0
15003808,White,0
15003815,White,0
15003833,White,0
15003846,White,0
15003847,White,0
15003848,White,0
15003849,White,0
15003875,White,0
15003890,White,0
15003894,White,0
15003899,White,0
15003940,White,0
15003955,White,0
15003960,White,0
15003966,White,0
15003969,White,0
15003975,White,0
15003979,White,0
15003982,White,0
15003992,White,0
15003994,White,0
15003996,White,0
15004000,White,0
15004002,White,0
15004006,White,0
15004020,White,0
15004026,White,0
15004055,White,0
15004057,White,0
15004091,White,0
15004102,White,0
15004106,White,0
15004126,White,0
15004128,White,0
15004140,White,0
15004153,White,0
15004159,White,0
15004160,White,0
15004162,White,0
15004171,White,0
15004176,White,0
15004209,White,0
15004233,White,0
15004244,White,0
15004246,White,0
15004269,White,0
15004276,White,0
15004300,White,0
15004300,White,0
15004301,White,0
15004305,White,0
15004307,White,0
15004329,White,0
15004343,White,0
15004344,White,0
15004347,White,0
15004360,White,0
15004367,White,0
15004368,White,0
15004391,White,0
15004393,White,0
15004398,White,0
15004412,White,0
15004413,White,0
15004442,White,0
15004443,White,0
15004444,White,0
15004445,White,0
15004452,White,0
15004454,White,0
15004456,White,0
15004462,White,0
15004466,White,0
15004470,White,0
15004471,White,0
15004477,White,0
15004481,White,0
15004484,White,0
15004524,White,0
15004527,White,0
15004550,White,0
15004558,White,0
15004559,White,0
15004565,White,0
15004566,White,0
15004574,White,0
15004579,White,0
15004580,White,0
15004581,White,0
15004587,White,0
15004592,White,0
15004609,White,0
15004613,White,0
15004616,White,0
15004618,White,0
15004620,White,0
15004623,White,0
15004624,White,0
15004626,White,0
15004629,White,0
15004632,White,0
15004633,White,0
15004641,White,0
15004643,White,0
15004662,White,0
15004701,White,0
15004711,White,0
15004718,White,0
15004726,White,0
15004728,White,0
15004752,White,0
15004753,White,0
15004757,White,0
15004759,White,0
15004772,White,0
15004806,White,0
15004808,White,0
15004813,White,0
15004816,White,0
15004821,White,0
15004826,White,0
15004852,White,0
15004855,White,0
15004856,White,0
15004857,White,0
15004860,White,0
15004861,White,0
15004862,White,0
15004875,White,0
15004883,White,0
15004891,White,0
15004892,White,0
15004914,White,0
15004915,White,0
15004916,White,0
15004917,White,0
15004918,White,0
15004919,White,0
15004920,White,0
15004921,White,0
15004932,White,0
15004933,White,0
15004937,White,0
15004941,White,0
15004947,White,0
15004966,White,0
15004968,White,0
15004972,White,0
15004978,White,0
15004986,White,0
15004988,White,0
15004991,White,0
15004992,White,0
15004995,White,0
15005006,White,0
15005008,White,0
15005047,White,0
15005050,White,0
15005064,White,0
15005077,White,0
15005080,White,0
15005092,White,0
15005108,White,0
15005119,White,0
15005135,White,0
15005156,White,0
15005158,White,0
15005163,White,0
15005165,White,0
15005170,White,0
15005173,White,0
15005174,White,0
15005175,White,0
15005177,White,0
15005179,White,0
15005181,White,0
15005188,White,0
15005189,White,0
15005192,White,0
15005197,White,0
15005199,White,0
15005201,White,0
15005205,White,0
15005241,White,0
15005251,White,0
15005253,White,0
15005257,White,0
15005260,White,0
15005263,White,0
15005290,White,0
15005291,White,0
15005293,White,0
15005326,White,0
15005329,White,0
15005345,White,0
15005362,White,0
15005374,White,0
15005379,White,0
15005380,White,0
15005382,White,0
15005410,White,0
15005411,White,0
15005415,White,0
15005423,White,0
15005435,White,0
15005450,White,0
15005453,White,0
15005455,White,0
15005456,White,0
15005481,White,0
15005487,White,0
15005516,White,0
15005540,White,0
15005555,White,0
15005560,White,0
15005565,White,0
15005572,White,0
15005575,White,0
15005578,White,0
15005582,White,0
15005605,White,0
15005617,White,0
15005626,White,0
15005635,White,0
15005642,White,0
15005657,White,0
15005660,White,0
15005669,White,0
15005672,White,0
15005673,White,0
15005676,White,0
15005685,White,0
15005686,White,0
15005687,White,0
15005702,White,0
15005704,White,0
15005706,White,0
15005710,White,0
15005716,White,0
15005719,White,0
15005728,White,0
15005741,White,0
15005746,White,0
15005747,White,0
15005757,White,0
15005791,White,0
15005807,White,0
15005821,White,0
15005824,White,0
15005832,White,0
15005834,White,0
15005857,White,0
15005858,White,0
15005861,White,0
15005871,White,0
15005880,White,0
15005921,White,0
15005923,White,0
15005926,White,0
15005937,White,0
15005942,White,0
15005947,White,0
15005958,White,0
15005977,White,0
15005980,White,0
15006000,White,0
15006001,White,0
15006012,White,0
15006013,White,0
15006017,White,0
15006019,White,0
15006023,White,0
15006028,White,0
15006034,White,0
15006035,White,0
15006041,White,0
15006044,White,0
15006064,White,0
15006068,White,0
15006073,White,0
15006083,White,0
15006095,White,0
15006102,White,0
15006106,White,0
15006109,White,0
15006122,White,0
15006120,White,0
15006125,White,0
15006133,White,0
15006137,White,0
15006138,White,0
15006140,White,0
15006147,White,0
15006149,White,0
15006153,White,0
15006166,White,0
15006193,White,0
15006201,White,0
15006203,White,0
15006204,White,0
15006211,White,0
15006231,White,0
15006240,White,0
15006247,White,0
15006252,White,0
15006253,White,0
15006257,White,0
15006277,White,0
15006281,White,0
15006301,White,0
15006317,White,0
15006327,White,0
15006334,White,0
15006366,White,0
15006367,White,0
15006376,White,0
15006380,White,0
15006388,White,0
15006404,White,0
15006441,White,0
15006442,White,0
15006444,White,0
15006446,White,0
15006460,White,0
15006476,White,0
15006482,White,0
15006486,White,0
15006487,White,0
15006492,White,0
15006494,White,0
15006495,White,0
15006496,White,0
15006497,White,0
15006498,White,0
15006521,White,0
15006523,White,0
15006526,White,0
15006530,White,0
15006531,White,0
15006534,White,0
15006540,White,0
15006548,White,0
15006550,White,0
15006553,White,0
15006570,White,0
15006574,White,0
15006591,White,0
15006595,White,0
15006596,White,0
15006597,White,0
15006598,White,0
15006604,White,0
15006608,White,0
15006615,White,0
15006624,White,0
15006649,White,0
15006650,White,0
15006651,White,0
15006654,White,0
15006655,White,0
15006656,White,0
15006658,White,0
15006659,White,0
15006660,White,0
15006661,White,0
15006664,White,0
15006665,White,0
15006667,White,0
15006670,White,0
15006674,White,0
15006675,White,0
15006676,White,0
15006679,White,0
15006683,White,0
15006693,White,0
15006694,White,0
15006697,White,0
15006698,White,0
15006704,White,0
15006707,White,0
15006718,White,0
15006722,White,0
15006745,White,0
15006752,White,0
15006753,White,0
15006755,White,0
15006765,White,0
15006766,White,0
15006771,White,0
15006773,White,0
15006774,White,0
15006776,White,0
15006795,White,0
15006801,White,0
15006806,White,0
15006807,White,0
15006808,White,0
15006812,White,0
15006816,White,0
15006826,White,0
15006834,White,0
15006836,White,0
15006842,White,0
15006876,White,0
15006879,White,0
15006885,White,0
15006886,White,0
15006894,White,0
15006897,White,0
15006898,White,0
15006901,White,0
15006903,White,0
15006914,White,0
15006921,White,0
15006922,White,0
15006949,White,0
15006954,White,0
15006956,White,0
15006965,White,0
15006969,White,0
15006984,White,0
15006998,White,0
15007000,White,0
15007005,White,0
15007044,White,0
15007045,White,0
15007048,White,0
15007054,White,0
15007060,White,0
15007063,White,0
15007071,White,0
15007072,White,0
15007075,White,0
15007076,White,0
15007080,White,0
15007085,White,0
15007088,White,0
15007091,White,0
15007093,White,0
15007150,White,0
15007157,White,0
15007164,White,0
15007165,White,0
15007178,White,0
15007185,White,0
15007196,White,0
15007197,White,0
15007201,White,0
15007202,White,0
15007204,White,0
15007228,White,0
15007229,White,0
15007230,White,0
15007231,White,0
15007232,White,0
15007233,White,0
15007239,White,0
15007240,White,0
15007243,White,0
15007249,White,0
15007257,White,0
15007258,White,0
15006740,White,0
15007286,White,0
15007306,White,0
15007313,White,0
15007379,White,0
15007383,White,0
15007384,White,0
15007398,White,0
15007402,White,0
15007404,White,0
15007406,White,0
15007407,White,0
15007419,White,0
15007423,White,0
15007426,White,0
15007430,White,0
15007465,White,0
15007468,White,0
15007487,White,0
15007517,White,0
15007526,White,0
15007555,White,0
15007557,White,0
15007568,White,0
15007570,White,0
15007573,White,0
15007581,White,0
15007585,White,0
15007586,White,0
15007587,White,0
15007589,White,0
15007591,White,0
15007597,White,0
15007603,White,0
15007604,White,0
15007610,White,0
15007617,White,0
15007642,White,0
15007647,White,0
15007669,White,0
15007678,White,0
15007682,White,0
15007699,White,0
15007704,White,0
15007707,White,0
15007710,White,0
15007711,White,0
15007720,White,0
15007728,White,0
15007729,White,0
15007758,White,0
15007772,White,0
15007775,White,0
15007795,White,0
15007797,White,0
15007815,White,0
15007824,White,0
15007825,White,0
15007852,White,0
15007854,White,0
15007858,White,0
15007861,White,0
15007862,White,0
15007863,White,0
15007868,White,0
15007872,White,0
15007887,White,0
15007889,White,0
15007895,White,0
15007898,White,0
15007907,White,0
15007909,White,0
15007919,White,0
15007926,White,0
15007934,White,0
15007950,White,0
15007955,White,0
15007961,White,0
15007967,White,0
15007979,White,0
15007981,White,0
15007982,White,0
15007986,White,0
15007987,White,0
15007989,White,0
15007990,White,0
15007993,White,0
15008000,White,0
15008015,White,0
15008027,White,0
15008030,White,0
15008032,White,0
15008034,White,0
15008036,White,0
15008058,White,0
15008077,White,0
15008093,White,0
15008104,White,0
15008124,White,0
15008134,White,0
15008145,White,0
15008146,White,0
15008175,White,0
15008179,White,0
15008195,White,0
15008218,White,0
15008224,White,0
15008238,White,0
15008261,White,0
15008263,White,0
15008264,White,0
15008266,White,0
15008270,White,0
15008269,White,0
15008273,White,0
15008274,White,0
15008277,White,0
15008281,White,0
15008280,White,0
15008289,White,0
15008316,White,0
15008317,White,0
15008318,White,0
15008319,White,0
15008322,White,0
15008323,White,0
15008323,White,0
15008334,White,0
15008337,White,0
15008359,White,0
15008400,White,0
15008415,White,0
15008422,White,0
15008424,White,0
15008427,White,0
15008431,White,0
15008432,White,0
15008434,White,0
15008471,White,0
15008490,White,0
15008491,White,0
15008507,White,0
15008511,White,0
15008513,White,0
15008522,White,0
15008525,White,0
15008534,White,0
15008539,White,0
15008544,White,0
15008549,White,0
15008553,White,0
15008589,White,0
15008590,White,0
15008593,White,0
15008608,White,0
15008619,White,0
15008621,White,0
15008635,White,0
15008640,White,0
15008651,White,0
15008659,White,0
15008661,White,0
15008662,White,0
15008664,White,0
15008666,White,0
15008669,White,0
15008673,White,0
15008681,White,0
15008743,White,0
15008745,White,0
15008746,White,0
15008747,White,0
15008748,White,0
15008754,White,0
15008789,White,0
15008794,White,0
15008802,White,0
15008599,White,0
15008817,White,0
15008819,White,0
15008823,White,0
15008825,White,0
15008828,White,0
15008851,White,0
15008852,White,0
15008855,White,0
15008862,White,0
15008863,White,0
15008879,White,0
15008910,White,0
15008917,White,0
15008920,White,0
15008922,White,0
15008927,White,0
15008929,White,0
15008931,White,0
15008942,White,0
15008963,White,0
15008964,White,0
15008966,White,0
15008986,White,0
15008997,White,0
15009008,White,0
15009013,White,0
15009014,White,0
15009017,White,0
15009021,White,0
15009022,White,0
15009024,White,0
15009025,White,0
15009029,White,0
15009035,White,0
15009036,White,0
15009044,White,0
15009060,White,0
15009061,White,0
15009077,White,0
15009078,White,0
15009085,White,0
15009094,White,0
15009106,White,0
15009113,White,0
15009120,White,0
15009132,White,0
15009138,White,0
15009143,White,0
15009147,White,0
15009149,White,0
15009150,White,0
15009170,White,0
15009172,White,0
15009176,White,0
15009219,White,0
15009244,White,0
15009245,White,0
15009254,White,0
15009262,White,0
15009263,White,0
15009274,White,0
15009285,White,0
15009286,White,0
15009290,White,0
15009291,White,0
15009296,White,0
15009297,White,0
15009300,White,0
15009302,White,0
15009304,White,0
15009305,White,0
15009306,White,0
15009307,White,0
15009321,White,0
15009336,White,0
15009351,White,0
15009352,White,0
15009356,White,0
15009359,White,0
15009360,White,0
15009362,White,0
15009381,White,0
15009385,White,0
15009397,White,0
15009399,White,0
15009404,White,0
15009407,White,0
15009408,White,0
15009410,White,0
15009412,White,0
15009432,White,0
15009441,White,0
15009442,White,0
15009448,White,0
15009457,White,0
15009459,White,0
15009463,White,0
15009475,White,0
15009488,White,0
15009510,White,0
15009536,White,0
15009538,White,0
15009550,White,0
15009555,White,0
15009573,White,0
15009584,White,0
15009591,White,0
15009592,White,0
15009595,White,0
15009599,White,0
15009601,White,0
15009603,White,0
15009615,White,0
15009624,White,0
15009628,White,0
15009657,White,0
15009659,White,0
15009662,White,0
15009674,White,0
15009679,White,0
15009681,White,0
15009694,White,0
15009696,White,0
15009697,White,0
15009701,White,0
15009709,White,0
15009735,White,0
15009749,White,0
15009750,White,0
15009774,White,0
15009777,White,0
15009787,White,0
15009788,White,0
15009790,White,0
15009791,White,0
15009796,White,0
15009797,White,0
15009798,White,0
15009799,White,0
15009822,White,0
15009830,White,0
15009835,White,0
15009837,White,0
15009847,White,0
15009856,White,0
15009866,White,0
15009868,White,0
15009876,White,0
15009887,White,0
15009888,White,0
15009889,White,0
15009890,White,0
15009893,White,0
15009894,White,0
15009896,White,0
15009900,White,0
15009901,White,0
15009903,White,0
15009905,White,0
15009911,White,0
15009918,White,0
15009921,White,0
15009925,White,0
15009928,White,0
15009933,White,0
15009942,White,0
15009944,White,0
15009945,White,0
15009958,White,0
15009960,White,0
15009963,White,0
15009973,White,0
15009974,White,0
15009982,White,0
15009986,White,0
15009988,White,0
15009996,White,0
15009997,White,0
15009998,White,0
15009999,White,0
15010001,White,0
15010017,White,0
15010022,White,0
15010026,White,0
15010027,White,0
15010029,White,0
15010036,White,0
15010038,White,0
15010049,White,0
15010051,White,0
15010052,White,0
15010053,White,0
15010088,White,0
15010089,White,0
15010090,White,0
15010091,White,0
15010095,White,0
15010098,White,0
15010099,White,0
15010107,White,0
15010115,White,0
15010119,White,0
15010138,White,0
15010149,White,0
15010154,White,0
15010156,White,0
15010180,White,0
15010195,White,0
15010199,White,0
15010200,White,0
15010214,White,0
15010217,White,0
15010218,White,0
15010222,White,0
15010223,White,0
15010228,White,0
15010243,White,0
15010246,White,0
15010247,White,0
15010249,White,0
15010251,White,0
15010263,White,0
15010267,White,0
15010269,White,0
15010273,White,0
15010276,White,0
15010279,White,0
15010291,White,0
15010296,White,0
15010297,White,0
15010301,White,0
15010302,White,0
15010335,White,0
15010351,White,0
15010354,White,0
15010378,White,0
15010386,White,0
15010413,White,0
15010420,White,0
15010421,White,0
15010422,White,0
15010424,White,0
15010425,White,0
15010426,White,0
15010433,White,0
15010438,White,0
15010444,White,0
15010505,White,0
15010544,White,0
15010551,White,0
15010563,White,0
15010573,White,0
15010574,White,0
15010584,White,0
15010588,White,0
15010591,White,0
15010596,White,0
15010601,White,0
15010606,White,0
15010612,White,0
15010619,White,0
15010643,White,0
15010650,White,0
15010675,White,0
15010681,White,0
15010703,White,0
15010707,White,0
15010708,White,0
15010723,White,0
15010725,White,0
15010736,White,0
15010738,White,0
15010772,White,0
15010775,White,0
15010785,White,0
15010789,White,0
15010794,White,0
15010799,White,0
15010801,White,0
15010804,White,0
15010805,White,0
15010814,White,0
15010835,White,0
15010841,White,0
15010842,White,0
15010859,White,0
15010903,White,0
15010906,White,0
15010910,White,0
15010938,White,0
15010980,White,0
15010983,White,0
15010994,White,0
15010999,White,0
15011003,White,0
15011008,White,0
15011050,White,0
15011053,White,0
15011067,White,0
15011070,White,0
15011074,White,0
15011091,White,0
15011099,White,0
15011100,White,0
15011104,White,0
15011111,White,0
15011112,White,0
15011113,White,0
15011135,White,0
15011138,White,0
15011140,White,0
15011147,White,0
15011149,White,0
15011150,White,0
15011158,White,0
15011162,White,0
15011171,White,0
15011173,White,0
15011176,White,0
15011177,White,0
15011178,White,0
15011184,White,0
15011219,White,0
15011241,White,0
15011243,White,0
15011255,White,0
15011256,White,0
15011269,White,0
15011274,White,0
15011324,White,0
15011334,White,0
15011350,White,0
15011356,White,0
15011388,White,0
15011420,White,0
15011426,White,0
15011428,White,0
15011429,White,0
15011533,White,0
15011535,White,0
15011536,White,0
15011553,White,0
15011556,White,0
15011560,White,0
15011568,White,0
15011571,White,0
15011581,White,0
15011614,White,0
15011629,White,0
15011635,White,0
15011640,White,0
15011644,White,0
15011645,White,0
15011663,White,0
15011677,White,0
15011689,White,0
15011692,White,0
15011695,White,0
15011704,White,0
15011709,White,0
15011713,White,0
15011725,White,0
15011741,White,0
15011742,White,0
15011743,White,0
15011747,White,0
15011791,White,0
15011796,White,0
15011797,White,0
15011802,White,0
15011830,White,0
15011835,White,0
15011855,White,0
15011873,White,0
15011875,White,0
15011889,White,0
15011892,White,0
15011901,White,0
15011906,White,0
15011907,White,0
15011912,White,0
15011937,White,0
15011950,White,0
15011952,White,0
15011957,White,0
15011966,White,0
15011968,White,0
15011977,White,0
15012019,White,0
15012022,White,0
15012042,White,0
15012069,White,0
15012075,White,0
15012076,White,0
15012078,White,0
15012079,White,0
15012089,White,0
15012093,White,0
15012098,White,0
15012123,White,0
15012126,White,0
15012135,White,0
15012156,White,0
15012157,White,0
15012158,White,0
15012161,White,0
15012165,White,0
15012167,White,0
15012178,White,0
15012184,White,0
15012189,White,0
15012193,White,0
15012196,White,0
15012204,White,0
15012205,White,0
15012206,White,0
15012223,White,0
15012235,White,0
15012236,White,0
15012249,White,0
15012259,White,0
15012261,White,0
15012264,White,0
15012265,White,0
15012276,White,0
15012279,White,0
15012317,White,0
15012319,White,0
15012323,White,0
15012329,White,0
15012330,White,0
15012331,White,0
15012363,White,0
15012398,White,0
15012590,White,0
15012619,White,0
15012623,White,0
15012633,White,0
15012639,White,0
15012640,White,0
15005673,White,0
14006305,Black,0
14006442,Black,0
14006444,Black,0
14006510,Black,0
14006596,Black,0
14006606,Black,0
14006689,Black,0
14006721,Black,0
14006738,Black,0
14006752,Black,0
14006768,Black,0
14006800,Black,0
14006833,Black,0
14006876,Black,0
14006888,Black,0
14006895,Black,0
14006901,Black,0
14006914,Black,0
14006925,Black,0
14006927,Black,0
14006958,Black,0
14006959,Black,0
14006965,Black,0
14006972,Black,0
14006996,Black,0
14007016,Black,0
14007102,Black,0
14007115,Black,0
14007314,Black,0
14007377,Black,0
14007383,Black,0
14007510,Black,0
14007608,Black,0
14007630,Black,0
14007686,Black,0
14007690,Black,0
14007709,Black,0
14007725,Black,0
14007783,Black,0
14007819,Black,0
14007825,Black,0
14007905,Black,0
14007945,Black,0
14007972,Black,0
14007983,Black,0
14008032,Black,0
14008058,Black,0
14008070,Black,0
14008087,Black,0
14008100,Black,0
14008128,Black,0
14008183,Black,0
14008218,Black,0
14008325,Black,0
14008370,Black,0
14008436,Black,0
14008560,Black,0
14008562,Black,0
14008575,Black,0
14008581,Black,0
14008638,Black,0
14008760,Black,0
14008791,Black,0
14008798,Black,0
14008959,Black,0
14008997,Black,0
14009025,Black,0
14009042,Black,0
14009062,Black,0
14009153,Black,0
14009185,Black,0
14009209,Black,0
14009233,Black,0
14009229,Black,0
14009229,Black,0
14009332,Black,0
14009357,Black,0
14009358,Black,0
14009366,Black,0
14009385,Black,0
14009510,Black,0
14009576,Black,0
14009604,Black,0
14009646,Black,0
14009674,Black,0
14009680,Black,0
14009727,Black,0
14009811,Black,0
14009921,Black,0
14009938,Black,0
14009957,Black,0
14009970,Black,0
14009979,Black,0
14009980,Black,0
14009993,Black,0
14010039,Black,0
14010044,Black,0
14010064,Black,0
14010102,Black,0
14010125,Black,0
14010138,Black,0
14010248,Black,0
14010324,Black,0
14010369,Black,0
14010392,Black,0
14010393,Black,0
14010619,Black,0
14010729,Black,0
14010837,Black,0
14010977,Black,0
14011007,Black,0
14011016,Black,0
14011089,Black,0
14011123,Black,0
14011229,Black,0
14011231,Black,0
14011263,Black,0
14011289,Black,0
14011319,Black,0
14011347,Black,0
14011354,Black,0
14011364,Black,0
14011410,Black,0
14011412,Black,0
14011430,Black,0
14011513,Black,0
14011550,Black,0
14011601,Black,0
14011617,Black,0
14011618,Black,0
14011689,Black,0
14011706,Black,0
14011749,Black,0
14011762,Black,0
14011764,Black,0
14011816,Black,0
14011822,Black,0
14011839,Black,0
14011844,Black,0
14011857,Black,0
14011864,Black,0
14011874,Black,0
14011981,Black,0
14012136,Black,0
14012201,Black,0
14006271,White,0
14006276,White,0
14006286,White,0
14006287,White,0
14006294,White,0
14006303,White,0
14006308,White,0
14006317,White,0
14006344,White,0
14006354,White,0
14006374,White,0
14006397,White,0
14006418,White,0
14006419,White,0
14006421,White,0
14006422,White,0
14006424,White,0
14006438,White,0
14006443,White,0
14006449,White,0
14006490,White,0
14006500,White,0
14006504,White,0
14006514,White,0
14006536,White,0
14006535,White,0
14006543,White,0
14006568,White,0
14006569,White,0
14006571,White,0
14006572,White,0
14006574,White,0
14006576,White,0
14006578,White,0
14006583,White,0
14006584,White,0
14006598,White,0
14006599,White,0
14006620,White,0
14006627,White,0
14006631,White,0
14006634,White,0
14006638,White,0
14006640,White,0
14006659,White,0
14006660,White,0
14006664,White,0
14006666,White,0
14006667,White,0
14006675,White,0
14006676,White,0
14006691,White,0
14006697,White,0
14006699,White,0
14006700,White,0
14006709,White,0
14006731,White,0
14006737,White,0
14006739,White,0
14006741,White,0
14006743,White,0
14006757,White,0
14006758,White,0
14006759,White,0
14006761,White,0
14006763,White,0
14006767,White,0
14006770,White,0
14006775,White,0
14006776,White,0
14006777,White,0
14006788,White,0
14006797,White,0
14006799,White,0
14006803,White,0
14006812,White,0
14006821,White,0
14006822,White,0
14006826,White,0
14006840,White,0
14006841,White,0
14006842,White,0
14006846,White,0
14006850,White,0
14006867,White,0
14006869,White,0
14006870,White,0
14006873,White,0
14006875,White,0
14006879,White,0
14006882,White,0
14006884,White,0
14006897,White,0
14006898,White,0
14006899,White,0
14006910,White,0
14006912,White,0
14006920,White,0
14006922,White,0
14006936,White,0
14006946,White,0
14006951,White,0
14006960,White,0
14006963,White,0
14006969,White,0
14006979,White,0
14006980,White,0
14006986,White,0
14006988,White,0
14006999,White,0
14007008,White,0
14007011,White,0
14007017,White,0
14007018,White,0
14007041,White,0
14007042,White,0
14007045,White,0
14007050,White,0
14007051,White,0
14007058,White,0
14007065,White,0
14007066,White,0
14007073,White,0
14007095,White,0
14007100,White,0
14007105,White,0
14007109,White,0
14007119,White,0
14007128,White,0
14007148,White,0
14007161,White,0
14007177,White,0
14007200,White,0
14007213,White,0
14007221,White,0
14007225,White,0
14007241,White,0
14007253,White,0
14007261,White,0
14007283,White,0
14007291,White,0
14007295,White,0
14007311,White,0
14007315,White,0
14007328,White,0
14007335,White,0
14007360,White,0
14007386,White,0
14007387,White,0
14007412,White,0
14007428,White,0
14007430,White,0
14007438,White,0
14007439,White,0
14007441,White,0
14007444,White,0
14007446,White,0
14007464,White,0
14007485,White,0
14007481,White,0
14007505,White,0
14007520,White,0
14007525,White,0
14007526,White,0
14007533,White,0
14007537,White,0
14007539,White,0
14007572,White,0
14007597,White,0
14007604,White,0
14007606,White,0
14007611,White,0
14007618,White,0
14007632,White,0
14007636,White,0
14007663,White,0
14007678,White,0
14007694,White,0
14007715,White,0
14007733,White,0
14007736,White,0
14007740,White,0
14007742,White,0
14007743,White,0
14007744,White,0
14007764,White,0
14007765,White,0
14007766,White,0
14007768,White,0
14007773,White,0
14007780,White,0
14007781,White,0
14007799,White,0
14007817,White,0
14007822,White,0
14007833,White,0
14007834,White,0
14007853,White,0
14007860,White,0
14007861,White,0
14007863,White,0
14007864,White,0
14007866,White,0
14007869,White,0
14007887,White,0
14007893,White,0
14007902,White,0
14007909,White,0
14007912,White,0
14007919,White,0
14007920,White,0
14007924,White,0
14007927,White,0
14007930,White,0
14007933,White,0
14007937,White,0
14007947,White,0
14007951,White,0
14007954,White,0
14007964,White,0
14007968,White,0
14007969,White,0
14007997,White,0
14007998,White,0
14008012,White,0
14008029,White,0
14008068,White,0
14008074,White,0
14008102,White,0
14008135,White,0
14008154,White,0
14008158,White,0
14008167,White,0
14008170,White,0
14008172,White,0
14008173,White,0
14008178,White,0
14008188,White,0
14008206,White,0
14008225,White,0
14008244,White,0
14008246,White,0
14008257,White,0
14008262,White,0
14008278,White,0
14008291,White,0
14008305,White,0
14008315,White,0
14008319,White,0
14008323,White,0
14008327,White,0
14008351,White,0
14008368,White,0
14008372,White,0
14008374,White,0
14008380,White,0
14008382,White,0
14008383,White,0
14008387,White,0
14008445,White,0
14008446,White,0
14008430,White,0
14008447,White,0
14008449,White,0
14008450,White,0
14008439,White,0
14008448,White,0
14008483,White,0
14008484,White,0
14008486,White,0
14008492,White,0
14008509,White,0
14008524,White,0
14008535,White,0
14008543,White,0
14008563,White,0
14008566,White,0
14008568,White,0
14008571,White,0
14008582,White,0
14008594,White,0
14008597,White,0
14008617,White,0
14008618,White,0
14008619,White,0
14008629,White,0
14008634,White,0
14008635,White,0
14008641,White,0
14008672,White,0
14008676,White,0
14008681,White,0
14008683,White,0
14008686,White,0
14008700,White,0
14008714,White,0
14008723,White,0
14008724,White,0
14008731,White,0
14008741,White,0
14008747,White,0
14008770,White,0
14008792,White,0
14008804,White,0
14008809,White,0
14008816,White,0
14008829,White,0
14008843,White,0
14008846,White,0
14008884,White,0
14008885,White,0
14008905,White,0
14008906,White,0
14008936,White,0
14008941,White,0
14008943,White,0
14008958,White,0
14008968,White,0
14008971,White,0
14009032,White,0
14009061,White,0
14009064,White,0
14009073,White,0
14009075,White,0
14009106,White,0
14009121,White,0
14009144,White,0
14009150,White,0
14009151,White,0
14009152,White,0
14009156,White,0
14009160,White,0
14009162,White,0
14009168,White,0
14009187,White,0
14009197,White,0
14009222,White,0
14009252,White,0
14009258,White,0
14009280,White,0
14009285,White,0
14009286,White,0
14009288,White,0
14009314,White,0
14009324,White,0
14009331,White,0
14009333,White,0
14009336,White,0
14009401,White,0
14009402,White,0
14009408,White,0
14009414,White,0
14009415,White,0
14009461,White,0
14009471,White,0
14009483,White,0
14009485,White,0
14009494,White,0
14009509,White,0
14009514,White,0
14009519,White,0
14009526,White,0
14009531,White,0
14009535,White,0
14009556,White,0
14009557,White,0
14009560,White,0
14009561,White,0
14009562,White,0
14009574,White,0
14009575,White,0
14009580,White,0
14009581,White,0
14009585,White,0
14009586,White,0
14009590,White,0
14009596,White,0
14009597,White,0
14009610,White,0
14009611,White,0
14009612,White,0
14009613,White,0
14009617,White,0
14009641,White,0
14009642,White,0
14009645,White,0
14009652,White,0
14009656,White,0
14009690,White,0
14009692,White,0
14009703,White,0
14009706,White,0
14009707,White,0
14009736,White,0
14009738,White,0
14009740,White,0
14009753,White,0
14009772,White,0
14009777,White,0
14009783,White,0
14009796,White,0
14009805,White,0
14009807,White,0
14009810,White,0
14009817,White,0
14009821,White,0
14009829,White,0
14009841,White,0
14009843,White,0
14009844,White,0
14009865,White,0
14009869,White,0
14009870,White,0
14009871,White,0
14009878,White,0
14009884,White,0
14009890,White,0
14009892,White,0
14009911,White,0
14009917,White,0
14009918,White,0
14009922,White,0
14009923,White,0
14009924,White,0
14009933,White,0
14009934,White,0
14009949,White,0
14009950,White,0
14009956,White,0
14009965,White,0
14009973,White,0
14009978,White,0
14009981,White,0
14009985,White,0
14009989,White,0
14009994,White,0
14009997,White,0
14010020,White,0
14010021,White,0
14010023,White,0
14010025,White,0
14010026,White,0
14010027,White,0
14010028,White,0
14010031,White,0
14010038,White,0
14010049,White,0
14010059,White,0
14010074,White,0
14010084,White,0
14010085,White,0
14010088,White,0
14010089,White,0
14010092,White,0
14010094,White,0
14010095,White,0
14010096,White,0
14010107,White,0
14010112,White,0
14010113,White,0
14010115,White,0
14010124,White,0
14010129,White,0
14010148,White,0
14010159,White,0
14010160,White,0
14010163,White,0
14010165,White,0
14010172,White,0
14010173,White,0
14010179,White,0
14010203,White,0
14010206,White,0
14010229,White,0
14010255,White,0
14010259,White,0
14010287,White,0
14010294,White,0
14010296,White,0
14010304,White,0
14010305,White,0
14010320,White,0
14010325,White,0
14010326,White,0
14010327,White,0
14010331,White,0
14010335,White,0
14010336,White,0
14010348,White,0
14010363,White,0
14010370,White,0
14010413,White,0
14010414,White,0
14010416,White,0
14010429,White,0
14010431,White,0
14010446,White,0
14010455,White,0
14010457,White,0
14010469,White,0
14010472,White,0
14010478,White,0
14010484,White,0
14010489,White,0
14010510,White,0
14010515,White,0
14010520,White,0
14010529,White,0
14010558,White,0
14010570,White,0
14010591,White,0
14010601,White,0
14010612,White,0
14010643,White,0
14010646,White,0
14010649,White,0
14010678,White,0
14010690,White,0
14010697,White,0
14010702,White,0
14010703,White,0
14010706,White,0
14010707,White,0
14010721,White,0
14010724,White,0
14010738,White,0
14010741,White,0
14010776,White,0
14010781,White,0
14010787,White,0
14010796,White,0
14010806,White,0
14010839,White,0
14010840,White,0
14010847,White,0
14010842,White,0
14010851,White,0
14010860,White,0
14010865,White,0
14010871,White,0
14010878,White,0
14010879,White,0
14010890,White,0
14010898,White,0
14010900,White,0
14010914,White,0
14010918,White,0
14010923,White,0
14010938,White,0
14010950,White,0
14010956,White,0
14010964,White,0
14010981,White,0
14010982,White,0
14010991,White,0
14010993,White,0
14010996,White,0
14011004,White,0
14011020,White,0
14011025,White,0
14011026,White,0
14011084,White,0
14011093,White,0
14011098,White,0
14011104,White,0
14011116,White,0
14011121,White,0
14011125,White,0
14011142,White,0
14011159,White,0
14011162,White,0
14011166,White,0
14011193,White,0
14011195,White,0
14011197,White,0
14011201,White,0
14011227,White,0
14011221,White,0
14011232,White,0
14011234,White,0
14011241,White,0
14011242,White,0
14011243,White,0
14011251,White,0
14011253,White,0
14011261,White,0
14011265,White,0
14011272,White,0
14011277,White,0
14011283,White,0
14011244,White,0
14011286,White,0
14011309,White,0
14011316,White,0
14011321,White,0
14011323,White,0
14011324,White,0
14011330,White,0
14011337,White,0
14011342,White,0
14011353,White,0
14011360,White,0
14011361,White,0
14011368,White,0
14011383,White,0
14011385,White,0
14011394,White,0
14011396,White,0
14011400,White,0
14011406,White,0
14011407,White,0
14011416,White,0
14011418,White,0
14011428,White,0
14011429,White,0
14011436,White,0
14011438,White,0
14011455,White,0
14011489,White,0
14011499,White,0
14011511,White,0
14011532,White,0
14011553,White,0
14011560,White,0
14011570,White,0
14011583,White,0
14011593,White,0
14011607,White,0
14011616,White,0
14011622,White,0
14011631,White,0
14011650,White,0
14011676,White,0
14011678,White,0
14011682,White,0
14011687,White,0
14011692,White,0
14011708,White,0
14011710,White,0
14011723,White,0
14011724,White,0
14011730,White,0
14011746,White,0
14011748,White,0
14011755,White,0
14011756,White,0
14011776,White,0
14011799,White,0
14011823,White,0
14011841,White,0
14011846,White,0
14011850,White,0
14011858,White,0
14011859,White,0
14011863,White,0
14011866,White,0
14011876,White,0
14011881,White,0
14011885,White,0
14011886,White,0
14011892,White,0
14011894,White,0
14011908,White,0
14011960,White,0
14011962,White,0
14012093,White,0
14012105,White,0
14012112,White,0
14012125,White,0
14012132,White,0
14012133,White,0
14012140,White,0
14012150,White,0
14012160,White,0
14012167,White,0
14012179,White,0
14012185,White,0
14012206,White,0
